-- ============================================
-- 기존 트래킹 시드 데이터
-- ============================================

-- 완료 트래킹 1
INSERT INTO MOD_WASTE_TRACKING (TRACKING_NO,WASTE_TYPE,CURRENT_STAGE,STATUS,SOURCE_NAME,TOTAL_WEIGHT_KG,CREATED_BY,CREATED_AT,COMPLETED_AT,DEL_YN) VALUES ('WTK-20260401-0001','PAPER_WASTE','PRODUCTION','COMPLETED','서울 물류센터',1500.00,'admin','2026-04-01 09:00:00','2026-04-05 17:00:00','N');
INSERT INTO MOD_WASTE_DISCHARGE (TRACKING_ID,DISCHARGE_DATE,CENTER_CODE,CENTER_NAME,DISCHARGE_MANAGER,WEIGHT_KG,WASTE_TYPE,REMARKS,CREATED_AT,DEL_YN) VALUES (1,'2026-04-01','CTR-001','서울 물류센터','김물류',1500.00,'PAPER_WASTE','정기 배출','2026-04-01 09:00:00','N');
INSERT INTO MOD_WASTE_COLLECTION (TRACKING_ID,COLLECTOR_CODE,COLLECTOR_NAME,VEHICLE_NO,DRIVER_NAME,COLLECTION_START_AT,COLLECTION_END_AT,COLLECTED_WEIGHT_KG,ORIGIN_ADDRESS,DESTINATION_ADDRESS,DISTANCE_KM,CO2_EMISSION_KG,CREATED_AT,DEL_YN) VALUES (1,'COL-001','(주)그린수거','12가3456','박운전','2026-04-01 14:00','2026-04-01 16:30',1500.00,'서울시 강남구','경기도 화성시',85.5,18.37,'2026-04-01 14:00:00','N');
INSERT INTO MOD_WASTE_COMPRESSION (TRACKING_ID,PROCESSOR_CODE,PROCESSOR_NAME,PROCESS_START_AT,PROCESS_END_AT,INPUT_WEIGHT_KG,OUTPUT_WEIGHT_KG,LOSS_WEIGHT_KG,LOSS_RATE,COMPRESSION_DENSITY,BALE_COUNT,CO2_EMISSION_KG,CREATED_AT,DEL_YN) VALUES (1,'KNT-001','KNT 화성','2026-04-02 08:00','2026-04-02 12:00',1500.00,1425.00,75.00,5.00,450.00,3,10.34,'2026-04-02 08:00:00','N');
INSERT INTO MOD_WASTE_RECYCLING (TRACKING_ID,RECYCLER_CODE,RECYCLER_NAME,PROCESS_START_AT,PROCESS_END_AT,INPUT_WEIGHT_KG,OUTPUT_WEIGHT_KG,RECYCLING_RATE,RECYCLING_METHOD,CO2_SAVING_KG,WASTE_TYPE,CREATED_AT,DEL_YN) VALUES (1,'RCY-001','에코리사이클링','2026-04-03 08:00','2026-04-04 17:00',1425.00,1282.50,90.00,'파쇄→세척→탈수→건조',3667.95,'PAPER_WASTE','2026-04-03 08:00:00','N');
INSERT INTO MOD_WASTE_PRODUCTION (TRACKING_ID,PRODUCER_CODE,PRODUCER_NAME,PRODUCT_NAME,PRODUCT_CODE,PRODUCTION_START_AT,PRODUCTION_END_AT,INPUT_WEIGHT_KG,OUTPUT_WEIGHT_KG,PRODUCTION_QTY,DELIVERY_DESTINATION,DELIVERY_DATE,CREATED_AT,DEL_YN) VALUES (1,'PRD-001','한국제지','재생 A4 용지','RP-A4-001','2026-04-04 08:00','2026-04-05 17:00',1282.50,1200.00,2400,'오피스디포 본사','2026-04-07','2026-04-04 08:00:00','N');

-- 완료 트래킹 2
INSERT INTO MOD_WASTE_TRACKING (TRACKING_NO,WASTE_TYPE,CURRENT_STAGE,STATUS,SOURCE_NAME,TOTAL_WEIGHT_KG,CREATED_BY,CREATED_AT,COMPLETED_AT,DEL_YN) VALUES ('WTK-20260402-0001','CARDBOARD','PRODUCTION','COMPLETED','부산 물류센터',2200.00,'admin','2026-04-02 10:00:00','2026-04-06 17:00:00','N');
INSERT INTO MOD_WASTE_DISCHARGE (TRACKING_ID,DISCHARGE_DATE,CENTER_CODE,CENTER_NAME,DISCHARGE_MANAGER,WEIGHT_KG,WASTE_TYPE,REMARKS,CREATED_AT,DEL_YN) VALUES (2,'2026-04-02','CTR-002','부산 물류센터','이물류',2200.00,'CARDBOARD','정기 배출','2026-04-02 10:00:00','N');
INSERT INTO MOD_WASTE_COLLECTION (TRACKING_ID,COLLECTOR_CODE,COLLECTOR_NAME,VEHICLE_NO,DRIVER_NAME,COLLECTION_START_AT,COLLECTION_END_AT,COLLECTED_WEIGHT_KG,ORIGIN_ADDRESS,DESTINATION_ADDRESS,DISTANCE_KM,CO2_EMISSION_KG,CREATED_AT,DEL_YN) VALUES (2,'COL-002','(주)클린운송','34나5678','최기사','2026-04-02 14:00','2026-04-02 18:00',2200.00,'부산시 해운대구','경남 양산시',45.30,9.73,'2026-04-02 14:00:00','N');
INSERT INTO MOD_WASTE_COMPRESSION (TRACKING_ID,PROCESSOR_CODE,PROCESSOR_NAME,PROCESS_START_AT,PROCESS_END_AT,INPUT_WEIGHT_KG,OUTPUT_WEIGHT_KG,LOSS_WEIGHT_KG,LOSS_RATE,COMPRESSION_DENSITY,BALE_COUNT,CO2_EMISSION_KG,CREATED_AT,DEL_YN) VALUES (2,'KNT-002','KNT 양산','2026-04-03 09:00','2026-04-03 14:00',2200.00,2090.00,110.00,5.00,480.00,4,15.16,'2026-04-03 09:00:00','N');
INSERT INTO MOD_WASTE_RECYCLING (TRACKING_ID,RECYCLER_CODE,RECYCLER_NAME,PROCESS_START_AT,PROCESS_END_AT,INPUT_WEIGHT_KG,OUTPUT_WEIGHT_KG,RECYCLING_RATE,RECYCLING_METHOD,CO2_SAVING_KG,WASTE_TYPE,CREATED_AT,DEL_YN) VALUES (2,'RCY-002','부산재활용','2026-04-04 08:00','2026-04-05 17:00',2090.00,1881.00,90.00,'파쇄→세척→펄프화',5379.66,'CARDBOARD','2026-04-04 08:00:00','N');
INSERT INTO MOD_WASTE_PRODUCTION (TRACKING_ID,PRODUCER_CODE,PRODUCER_NAME,PRODUCT_NAME,PRODUCT_CODE,PRODUCTION_START_AT,PRODUCTION_END_AT,INPUT_WEIGHT_KG,OUTPUT_WEIGHT_KG,PRODUCTION_QTY,DELIVERY_DESTINATION,DELIVERY_DATE,CREATED_AT,DEL_YN) VALUES (2,'PRD-002','부산골판지','재생 택배박스','RP-BOX-001','2026-04-05 08:00','2026-04-06 17:00',1881.00,1750.00,3500,'쿠팡 부산허브','2026-04-08','2026-04-05 08:00:00','N');

-- 진행중 트래킹 3: 압축 단계
INSERT INTO MOD_WASTE_TRACKING (TRACKING_NO,WASTE_TYPE,CURRENT_STAGE,STATUS,SOURCE_NAME,TOTAL_WEIGHT_KG,CREATED_BY,CREATED_AT,DEL_YN) VALUES ('WTK-20260405-0001','MIXED_PAPER','COMPRESSION','IN_PROGRESS','인천 물류센터',800.00,'admin','2026-04-05 09:00:00','N');
INSERT INTO MOD_WASTE_DISCHARGE (TRACKING_ID,DISCHARGE_DATE,CENTER_CODE,CENTER_NAME,DISCHARGE_MANAGER,WEIGHT_KG,WASTE_TYPE,CREATED_AT,DEL_YN) VALUES (3,'2026-04-05','CTR-003','인천 물류센터','정물류',800.00,'MIXED_PAPER','2026-04-05 09:00:00','N');
INSERT INTO MOD_WASTE_COLLECTION (TRACKING_ID,COLLECTOR_CODE,COLLECTOR_NAME,VEHICLE_NO,DRIVER_NAME,COLLECTION_START_AT,COLLECTION_END_AT,COLLECTED_WEIGHT_KG,ORIGIN_ADDRESS,DESTINATION_ADDRESS,DISTANCE_KM,CO2_EMISSION_KG,CREATED_AT,DEL_YN) VALUES (3,'COL-001','(주)그린수거','56다7890','한기사','2026-04-05 14:00','2026-04-05 16:00',800.00,'인천시 남동구','경기도 화성시',65.20,14.00,'2026-04-05 14:00:00','N');
INSERT INTO MOD_WASTE_COMPRESSION (TRACKING_ID,PROCESSOR_CODE,PROCESSOR_NAME,PROCESS_START_AT,INPUT_WEIGHT_KG,OUTPUT_WEIGHT_KG,LOSS_WEIGHT_KG,LOSS_RATE,BALE_COUNT,CO2_EMISSION_KG,CREATED_AT,DEL_YN) VALUES (3,'KNT-001','KNT 화성','2026-04-06 08:00',800.00,752.00,48.00,6.00,2,5.51,'2026-04-06 08:00:00','N');

-- 진행중 트래킹 4: 수거 단계
INSERT INTO MOD_WASTE_TRACKING (TRACKING_NO,WASTE_TYPE,CURRENT_STAGE,STATUS,SOURCE_NAME,TOTAL_WEIGHT_KG,CREATED_BY,CREATED_AT,DEL_YN) VALUES ('WTK-20260407-0001','PAPER_WASTE','COLLECTION','IN_PROGRESS','대전 물류센터',1200.00,'admin','2026-04-07 08:00:00','N');
INSERT INTO MOD_WASTE_DISCHARGE (TRACKING_ID,DISCHARGE_DATE,CENTER_CODE,CENTER_NAME,DISCHARGE_MANAGER,WEIGHT_KG,WASTE_TYPE,CREATED_AT,DEL_YN) VALUES (4,'2026-04-07','CTR-004','대전 물류센터','강물류',1200.00,'PAPER_WASTE','2026-04-07 08:00:00','N');
INSERT INTO MOD_WASTE_COLLECTION (TRACKING_ID,COLLECTOR_CODE,COLLECTOR_NAME,VEHICLE_NO,COLLECTION_START_AT,COLLECTED_WEIGHT_KG,ORIGIN_ADDRESS,DESTINATION_ADDRESS,DISTANCE_KM,CO2_EMISSION_KG,CREATED_AT,DEL_YN) VALUES (4,'COL-003','(주)에코수거','78라1234','2026-04-07 13:00',1200.00,'대전시 유성구','충남 천안시',98.70,21.20,'2026-04-07 13:00:00','N');

-- 신규 트래킹 5: 배출만
INSERT INTO MOD_WASTE_TRACKING (TRACKING_NO,WASTE_TYPE,CURRENT_STAGE,STATUS,SOURCE_NAME,TOTAL_WEIGHT_KG,CREATED_BY,CREATED_AT,DEL_YN) VALUES ('WTK-20260408-0001','NEWSPAPER','DISCHARGE','INITIATED','광주 물류센터',600.00,'admin','2026-04-08 07:00:00','N');
INSERT INTO MOD_WASTE_DISCHARGE (TRACKING_ID,DISCHARGE_DATE,CENTER_CODE,CENTER_NAME,DISCHARGE_MANAGER,WEIGHT_KG,WASTE_TYPE,CREATED_AT,DEL_YN) VALUES (5,'2026-04-08','CTR-005','광주 물류센터','오물류',600.00,'NEWSPAPER','2026-04-08 07:00:00','N');

-- 추가 트래킹 6
INSERT INTO MOD_WASTE_TRACKING (TRACKING_NO,WASTE_TYPE,CURRENT_STAGE,STATUS,SOURCE_NAME,TOTAL_WEIGHT_KG,CREATED_BY,CREATED_AT,DEL_YN) VALUES ('WTK-20260403-0001','CARDBOARD','RECYCLING','IN_PROGRESS','대구 물류센터',1800.00,'admin','2026-04-03 09:00:00','N');
INSERT INTO MOD_WASTE_DISCHARGE (TRACKING_ID,DISCHARGE_DATE,CENTER_CODE,CENTER_NAME,DISCHARGE_MANAGER,WEIGHT_KG,WASTE_TYPE,CREATED_AT,DEL_YN) VALUES (6,'2026-04-03','CTR-006','대구 물류센터','윤물류',1800.00,'CARDBOARD','2026-04-03 09:00:00','N');
INSERT INTO MOD_WASTE_COLLECTION (TRACKING_ID,COLLECTOR_CODE,COLLECTOR_NAME,VEHICLE_NO,DRIVER_NAME,COLLECTION_START_AT,COLLECTION_END_AT,COLLECTED_WEIGHT_KG,ORIGIN_ADDRESS,DESTINATION_ADDRESS,DISTANCE_KM,CO2_EMISSION_KG,CREATED_AT,DEL_YN) VALUES (6,'COL-002','(주)클린운송','90마2345','서기사','2026-04-03 13:00','2026-04-03 17:00',1800.00,'대구시 달서구','경북 구미시',72.40,15.55,'2026-04-03 13:00:00','N');
INSERT INTO MOD_WASTE_COMPRESSION (TRACKING_ID,PROCESSOR_CODE,PROCESSOR_NAME,PROCESS_START_AT,PROCESS_END_AT,INPUT_WEIGHT_KG,OUTPUT_WEIGHT_KG,LOSS_WEIGHT_KG,LOSS_RATE,BALE_COUNT,CO2_EMISSION_KG,CREATED_AT,DEL_YN) VALUES (6,'KNT-003','KNT 구미','2026-04-04 08:00','2026-04-04 15:00',1800.00,1710.00,90.00,5.00,4,12.40,'2026-04-04 08:00:00','N');
INSERT INTO MOD_WASTE_RECYCLING (TRACKING_ID,RECYCLER_CODE,RECYCLER_NAME,PROCESS_START_AT,INPUT_WEIGHT_KG,OUTPUT_WEIGHT_KG,RECYCLING_RATE,RECYCLING_METHOD,CO2_SAVING_KG,WASTE_TYPE,CREATED_AT,DEL_YN) VALUES (6,'RCY-003','대구재활용','2026-04-05 08:00',1710.00,1539.00,90.00,'파쇄→세척→펄프화',4401.54,'CARDBOARD','2026-04-05 08:00:00','N');

-- ============================================
-- 관리자 사용자 (비밀번호: admin123 -> SHA-256 해시)
-- ============================================
INSERT INTO MOD_WASTE_USER (LOGIN_ID,PASSWORD_HASH,USER_NAME,ROLE,EMAIL,PHONE,ACTIVE_YN,STAFF_TYPE,CREATED_AT,DEL_YN) VALUES ('admin','240be518fabd2724ddb6f04eeb1da5967448d7e831c08c8fa822809f74c720a9','시스템 관리자','ADMIN','admin@company.com','010-0000-0000','Y','ADMIN','2026-04-01 00:00:00','N');
INSERT INTO MOD_WASTE_USER (LOGIN_ID,PASSWORD_HASH,USER_NAME,ROLE,EMAIL,PHONE,ACTIVE_YN,STAFF_TYPE,CREATED_AT,DEL_YN) VALUES ('user01','349604023ff22a6af290a9cb6c72c69ef31afeefce0e40a02c8179111bfd676a','일반 사용자','USER','user01@company.com','010-1111-1111','Y','ADMIN','2026-04-01 00:00:00','N');

-- ============================================
-- 담당자 계정 (각 역할별 테스트 계정)
-- ============================================
-- 배출 담당자: 서울 물류센터 소속 (center01 / center01)
INSERT INTO MOD_WASTE_USER (LOGIN_ID,PASSWORD_HASH,USER_NAME,ROLE,EMAIL,PHONE,ACTIVE_YN,STAFF_TYPE,COMPANY_CODE,COMPANY_NAME,STAFF_REMARKS,CREATED_AT,DEL_YN) VALUES ('center01','8a39942013aa926ce9cb9772949d64bc5283f710ed406432ca00c15236f08063','김물류','USER','center01@company.com','010-1234-5678','Y','CENTER','CTR-001','서울 물류센터','서울 물류센터 배출 담당','2026-04-01 00:00:00','N');

-- 수거 기사: (주)그린수거 소속 (driver01 / driver01)
INSERT INTO MOD_WASTE_USER (LOGIN_ID,PASSWORD_HASH,USER_NAME,ROLE,EMAIL,PHONE,ACTIVE_YN,STAFF_TYPE,COMPANY_CODE,COMPANY_NAME,VEHICLE_NO,STAFF_REMARKS,CREATED_AT,DEL_YN) VALUES ('driver01','52d7f204438e0cc7c005e99ee08a6d6516f01815f18f6aef976d3dbd9c949719','박운전','USER','driver01@company.com','010-2222-3333','Y','COLLECTOR','COL-001','(주)그린수거','12가3456','그린수거 소속 수거기사','2026-04-01 00:00:00','N');

-- 압축 처리원: KNT 화성 소속 (knt01 / knt01)
INSERT INTO MOD_WASTE_USER (LOGIN_ID,PASSWORD_HASH,USER_NAME,ROLE,EMAIL,PHONE,ACTIVE_YN,STAFF_TYPE,COMPANY_CODE,COMPANY_NAME,STAFF_REMARKS,CREATED_AT,DEL_YN) VALUES ('knt01','ad5f40e11eafce6de04a521e9e7a57f5a85dc09647949a5a7455e08ad21cca16','한처리','USER','knt01@company.com','010-4444-5555','Y','PROCESSOR','KNT-001','KNT 화성','KNT 화성 압축 처리 담당','2026-04-01 00:00:00','N');

-- 재활용 처리원: 에코리사이클링 소속 (recycle01 / recycle01)
INSERT INTO MOD_WASTE_USER (LOGIN_ID,PASSWORD_HASH,USER_NAME,ROLE,EMAIL,PHONE,ACTIVE_YN,STAFF_TYPE,COMPANY_CODE,COMPANY_NAME,STAFF_REMARKS,CREATED_AT,DEL_YN) VALUES ('recycle01','4c426ea1b8af05e4601ec6967cbdfc34188fb80e6e9a1284a2bf8d65c3101896','정재활','USER','recycle01@company.com','010-7777-8888','Y','RECYCLER','RCY-001','에코리사이클링','에코리사이클링 재활용 담당','2026-04-01 00:00:00','N');

-- 생산 담당자: 한국제지 소속 (produce01 / produce01)
INSERT INTO MOD_WASTE_USER (LOGIN_ID,PASSWORD_HASH,USER_NAME,ROLE,EMAIL,PHONE,ACTIVE_YN,STAFF_TYPE,COMPANY_CODE,COMPANY_NAME,STAFF_REMARKS,CREATED_AT,DEL_YN) VALUES ('produce01','41374bfc5c33fa9044948226cdd09743aa1cab99e99df031232f1f8996fc38ea','윤생산','USER','produce01@company.com','010-1010-2020','Y','PRODUCER','PRD-001','한국제지','한국제지 생산 담당','2026-04-01 00:00:00','N');

-- ============================================
-- 물류센터(배출처) 마스터
-- ============================================
INSERT INTO MOD_WASTE_MST_CENTER (CENTER_CODE,CENTER_NAME,ADDRESS,CONTACT_NAME,CONTACT_PHONE,ACTIVE_YN,CREATED_AT,DEL_YN) VALUES ('CTR-001','서울 물류센터','서울시 강남구 역삼동 123','김물류','010-1234-5678','Y','2026-04-01 00:00:00','N');
INSERT INTO MOD_WASTE_MST_CENTER (CENTER_CODE,CENTER_NAME,ADDRESS,CONTACT_NAME,CONTACT_PHONE,ACTIVE_YN,CREATED_AT,DEL_YN) VALUES ('CTR-002','부산 물류센터','부산시 해운대구 우동 456','이물류','010-2345-6789','Y','2026-04-01 00:00:00','N');
INSERT INTO MOD_WASTE_MST_CENTER (CENTER_CODE,CENTER_NAME,ADDRESS,CONTACT_NAME,CONTACT_PHONE,ACTIVE_YN,CREATED_AT,DEL_YN) VALUES ('CTR-003','인천 물류센터','인천시 남동구 논현동 789','정물류','010-3456-7890','Y','2026-04-01 00:00:00','N');
INSERT INTO MOD_WASTE_MST_CENTER (CENTER_CODE,CENTER_NAME,ADDRESS,CONTACT_NAME,CONTACT_PHONE,ACTIVE_YN,CREATED_AT,DEL_YN) VALUES ('CTR-004','대전 물류센터','대전시 유성구 봉명동 101','강물류','010-4567-8901','Y','2026-04-01 00:00:00','N');
INSERT INTO MOD_WASTE_MST_CENTER (CENTER_CODE,CENTER_NAME,ADDRESS,CONTACT_NAME,CONTACT_PHONE,ACTIVE_YN,CREATED_AT,DEL_YN) VALUES ('CTR-005','광주 물류센터','광주시 북구 용봉동 202','오물류','010-5678-9012','Y','2026-04-01 00:00:00','N');
INSERT INTO MOD_WASTE_MST_CENTER (CENTER_CODE,CENTER_NAME,ADDRESS,CONTACT_NAME,CONTACT_PHONE,ACTIVE_YN,CREATED_AT,DEL_YN) VALUES ('CTR-006','대구 물류센터','대구시 달서구 월성동 303','윤물류','010-6789-0123','Y','2026-04-01 00:00:00','N');

-- ============================================
-- 폐기물 종류 마스터
-- ============================================
INSERT INTO MOD_WASTE_MST_WASTE_TYPE (TYPE_CODE,TYPE_NAME,DESCRIPTION,UNIT,ACTIVE_YN,CREATED_AT,DEL_YN) VALUES ('PAPER_WASTE','폐지/파지','일반 폐지 및 파지류','kg','Y','2026-04-01 00:00:00','N');
INSERT INTO MOD_WASTE_MST_WASTE_TYPE (TYPE_CODE,TYPE_NAME,DESCRIPTION,UNIT,ACTIVE_YN,CREATED_AT,DEL_YN) VALUES ('CARDBOARD','골판지','택배 박스 등 골판지류','kg','Y','2026-04-01 00:00:00','N');
INSERT INTO MOD_WASTE_MST_WASTE_TYPE (TYPE_CODE,TYPE_NAME,DESCRIPTION,UNIT,ACTIVE_YN,CREATED_AT,DEL_YN) VALUES ('MIXED_PAPER','혼합 폐지','각종 폐지 혼합물','kg','Y','2026-04-01 00:00:00','N');
INSERT INTO MOD_WASTE_MST_WASTE_TYPE (TYPE_CODE,TYPE_NAME,DESCRIPTION,UNIT,ACTIVE_YN,CREATED_AT,DEL_YN) VALUES ('NEWSPAPER','신문지','폐 신문지류','kg','Y','2026-04-01 00:00:00','N');
INSERT INTO MOD_WASTE_MST_WASTE_TYPE (TYPE_CODE,TYPE_NAME,DESCRIPTION,UNIT,ACTIVE_YN,CREATED_AT,DEL_YN) VALUES ('OTHER','기타','기타 폐기물','kg','Y','2026-04-01 00:00:00','N');

-- ============================================
-- 수거 업체 마스터
-- ============================================
INSERT INTO MOD_WASTE_MST_COLLECTOR (COLLECTOR_CODE,COLLECTOR_NAME,ADDRESS,CONTACT_NAME,CONTACT_PHONE,VEHICLE_COUNT,ACTIVE_YN,CREATED_AT,DEL_YN) VALUES ('COL-001','(주)그린수거','경기도 화성시 동탄대로 100','김그린','010-1111-2222',5,'Y','2026-04-01 00:00:00','N');
INSERT INTO MOD_WASTE_MST_COLLECTOR (COLLECTOR_CODE,COLLECTOR_NAME,ADDRESS,CONTACT_NAME,CONTACT_PHONE,VEHICLE_COUNT,ACTIVE_YN,CREATED_AT,DEL_YN) VALUES ('COL-002','(주)클린운송','경남 양산시 물금읍 200','박클린','010-2222-3333',8,'Y','2026-04-01 00:00:00','N');
INSERT INTO MOD_WASTE_MST_COLLECTOR (COLLECTOR_CODE,COLLECTOR_NAME,ADDRESS,CONTACT_NAME,CONTACT_PHONE,VEHICLE_COUNT,ACTIVE_YN,CREATED_AT,DEL_YN) VALUES ('COL-003','(주)에코수거','충남 천안시 서북구 300','이에코','010-3333-4444',3,'Y','2026-04-01 00:00:00','N');

-- ============================================
-- 압축 처리 업체 마스터
-- ============================================
INSERT INTO MOD_WASTE_MST_PROCESSOR (PROCESSOR_CODE,PROCESSOR_NAME,ADDRESS,CONTACT_NAME,CONTACT_PHONE,CAPACITY_KG,ACTIVE_YN,CREATED_AT,DEL_YN) VALUES ('KNT-001','KNT 화성','경기도 화성시 향남읍 500','한처리','010-4444-5555',5000.00,'Y','2026-04-01 00:00:00','N');
INSERT INTO MOD_WASTE_MST_PROCESSOR (PROCESSOR_CODE,PROCESSOR_NAME,ADDRESS,CONTACT_NAME,CONTACT_PHONE,CAPACITY_KG,ACTIVE_YN,CREATED_AT,DEL_YN) VALUES ('KNT-002','KNT 양산','경남 양산시 삼호로 600','서처리','010-5555-6666',8000.00,'Y','2026-04-01 00:00:00','N');
INSERT INTO MOD_WASTE_MST_PROCESSOR (PROCESSOR_CODE,PROCESSOR_NAME,ADDRESS,CONTACT_NAME,CONTACT_PHONE,CAPACITY_KG,ACTIVE_YN,CREATED_AT,DEL_YN) VALUES ('KNT-003','KNT 구미','경북 구미시 공단동 700','최처리','010-6666-7777',6000.00,'Y','2026-04-01 00:00:00','N');

-- ============================================
-- 재활용 업체 마스터
-- ============================================
INSERT INTO MOD_WASTE_MST_RECYCLER (RECYCLER_CODE,RECYCLER_NAME,ADDRESS,CONTACT_NAME,CONTACT_PHONE,RECYCLING_TYPES,ACTIVE_YN,CREATED_AT,DEL_YN) VALUES ('RCY-001','에코리사이클링','경기도 안산시 단원구 800','정재활','010-7777-8888','PAPER_WASTE,MIXED_PAPER','Y','2026-04-01 00:00:00','N');
INSERT INTO MOD_WASTE_MST_RECYCLER (RECYCLER_CODE,RECYCLER_NAME,ADDRESS,CONTACT_NAME,CONTACT_PHONE,RECYCLING_TYPES,ACTIVE_YN,CREATED_AT,DEL_YN) VALUES ('RCY-002','부산재활용','부산시 사상구 삼락동 900','강재활','010-8888-9999','CARDBOARD,PAPER_WASTE','Y','2026-04-01 00:00:00','N');
INSERT INTO MOD_WASTE_MST_RECYCLER (RECYCLER_CODE,RECYCLER_NAME,ADDRESS,CONTACT_NAME,CONTACT_PHONE,RECYCLING_TYPES,ACTIVE_YN,CREATED_AT,DEL_YN) VALUES ('RCY-003','대구재활용','대구시 달성군 유가면 101','오재활','010-9999-0000','CARDBOARD,MIXED_PAPER','Y','2026-04-01 00:00:00','N');

-- ============================================
-- 생산 업체 마스터
-- ============================================
INSERT INTO MOD_WASTE_MST_PRODUCER (PRODUCER_CODE,PRODUCER_NAME,ADDRESS,CONTACT_NAME,CONTACT_PHONE,PRODUCT_TYPES,ACTIVE_YN,CREATED_AT,DEL_YN) VALUES ('PRD-001','한국제지','충남 아산시 둔포면 200','윤생산','010-1010-2020','재생 A4 용지,노트','Y','2026-04-01 00:00:00','N');
INSERT INTO MOD_WASTE_MST_PRODUCER (PRODUCER_CODE,PRODUCER_NAME,ADDRESS,CONTACT_NAME,CONTACT_PHONE,PRODUCT_TYPES,ACTIVE_YN,CREATED_AT,DEL_YN) VALUES ('PRD-002','부산골판지','경남 양산시 물금읍 300','임생산','010-2020-3030','재생 택배박스,포장재','Y','2026-04-01 00:00:00','N');

-- ============================================
-- 이슈 사항 샘플
-- ============================================
INSERT INTO MOD_WASTE_MST_ISSUE (TRACKING_ID,ISSUE_TYPE,SEVERITY,TITLE,DESCRIPTION,REPORTED_BY,STATUS,CREATED_AT,DEL_YN) VALUES (3,'DELAY','MEDIUM','압축 처리 지연','KNT 화성 설비 정비로 인한 처리 지연 예상','정물류','OPEN','2026-04-06 10:00:00','N');
INSERT INTO MOD_WASTE_MST_ISSUE (TRACKING_ID,ISSUE_TYPE,SEVERITY,TITLE,DESCRIPTION,REPORTED_BY,ASSIGNED_TO,STATUS,RESOLVED_AT,RESOLUTION,CREATED_AT,DEL_YN) VALUES (1,'WEIGHT_DIFF','LOW','중량 차이','배출 중량과 수거 중량 간 미세 차이 확인','김물류','박운전','RESOLVED','2026-04-02 10:00:00','계량기 오차 범위 내 확인','2026-04-01 17:00:00','N');
